{
  "vitest.workspace.ts": 1776706733.78184,
  "eslint.config.mjs": 1776706265.8310056,
  "packages/ui/vitest.config.ts": 1776943277.5978525,
  "packages/ui/src/test-setup.ts": 1776706793.3260112,
  "packages/ui/src/index.test.tsx": 1777035647.5177877,
  "packages/ui/src/index.ts": 1776941143.3506677,
  "packages/mcp/vitest.config.ts": 1776706776.8877683,
  "packages/mcp/src/index.test.ts": 1776706863.6681807,
  "packages/mcp/src/index.ts": 1776706468.4629755,
  "packages/cli/vitest.config.ts": 1776706785.2603464,
  "packages/cli/src/index.test.ts": 1776706872.0022316,
  "packages/cli/src/index.ts": 1776706819.8680043,
  "packages/hooks/vitest.config.ts": 1776706751.4126418,
  "packages/hooks/src/index.test.ts": 1776706855.5038314,
  "packages/hooks/src/test-setup.ts": 1776706801.5032284,
  "packages/hooks/src/index.ts": 1776706462.2458086,
  "packages/icons/vitest.config.ts": 1776706759.9513962,
  "packages/icons/src/index.test.ts": 1776706846.6757238,
  "packages/icons/src/test-setup.ts": 1776706809.959174,
  "packages/icons/src/index.ts": 1776706456.0418377,
  "apps/docs/postcss.config.mjs": 1776748218.1327853,
  "apps/docs/next-env.d.ts": 1776706558.3209834,
  "apps/docs/next.config.ts": 1776706517.5822449,
  "apps/docs/app/layout.tsx": 1776748238.6072927,
  "apps/docs/app/page.tsx": 1777035228.2300944,
  "AGENT.md": 1777044081.7979894,
  "llms.txt": 1776890198.271066,
  "specs/README.md": 1777039406.4231696,
  "specs/patterns/interactive-hierarchy.md": 1777039603.4741092,
  "specs/foundations/radius.md": 1777039497.9077291,
  "specs/foundations/breakpoints.md": 1777039513.9377334,
  "specs/foundations/color.md": 1777039436.0450888,
  "specs/foundations/spacing.md": 1777039457.944401,
  "specs/foundations/typography.md": 1777039480.4753885,
  "specs/components/button.md": 1777039566.0930672,
  "docs/superpowers/plans/2026-04-24-llm-design-system-layer.md": 1777039369.4591262,
  "skills/maxa/README.md": 1776707178.4874318
}